line,ST,ST93,survival,IL1b,IL2,IL4,IL5,IL6,IL7,IL8,IL10,IL12,IL13,IL17,GCSF,GMCSF,IFNg,MCP1,MIP1b,TNFa,VEGF,MIP1a,LFA_Titer,Protein
212,93,B,d,-1.3219,0.7312,0.6871,-1.3219,8.7418,2.5084,9.9952,1.9069,2.0807,0.0704,3.9458,6.2819,9.1086,5.6067,9.8454,5.4195,2.9241,NA,NA,8000,18.036
236,93,A,s,-1.3219,0.2869,-0.2515,-1.3219,2.2987,-0.9434,7.5777,1.852,1.2987,0.0704,-0.3677,2.9317,8.9523,2.2079,5.667,4.0849,0.585,NA,NA,4000,71.607
243,93,A,s,-1.3219,1.848,-1.889,-1.3219,7.0528,1.8237,9.3888,4.5441,0.6041,3.479,-0.3677,5.6568,8.3249,4.7458,7.3202,6.5475,0.585,NA,NA,500,313.75
247,93,A,s,-1.3219,2.9241,1.157,3.5583,9.282,1.0426,9.7252,3.0461,1.2987,2.5607,3.5472,6.5647,8.8029,6.2252,5.9052,4.8669,2.568,NA,NA,2000,17.321
250,93,B,s,-0.1203,1.9298,1.0772,1.669,9.8116,3.0286,11.8392,3.7431,2.568,3.3716,3.5472,5.9656,8.7842,7.2512,8.4964,6.1338,3.6404,NA,NA,2000,464.464
252,93,A,d,-1.3219,1.5656,1.0772,-1.3219,5.8844,2.5084,10.1314,2.729,1.2987,0.4005,4.26,7.8029,9.08,5.844,10.6439,6.5877,2.9241,NA,NA,32000,106.25
255,93,B,s,-1.3219,0.2869,-0.8365,-1.3219,4.0959,1.0426,9.4255,1.6736,0.6041,0.0704,3.0036,3.2494,8.986,0.7613,6.6434,4.5868,0.585,NA,NA,2000,55.536
262,93,B,d,-1.3219,-0.8625,0.5753,-1.3219,4.3154,-0.9434,8.702,2.9982,1,0.0704,3.0036,4.5916,8.9918,5.844,7.9202,5.3349,2.0841,NA,NA,16000,12.679
291,93,A,d,-2.2515,-3.9434,-1.8772,-2.0893,4.23035,-5.1439,6.6101,1.82565,-1.8625,-0.7859,1.7613,4.99125,9.4356,-2.889,6.938,4.8415,0.02795,NA,NA,8000,67.897
292,93,B,s,-2.1162,2.5719,-2.2515,-0.87645,3.1101,1.10255,7.6696,1.50945,2.0971,1.3415,3.786,4.7945,8.5871,1.38675,7.69345,5.885,1.5753,6.5894,NA,32000,67.523
300,93,B,s,-2.2515,-3.9434,0.4358,-2.0893,3.79245,0.82565,8.05655,2.51235,1.28085,-0.407,1.94445,4.25825,9.79525,6.1256,10.8575,6.6512,2.7571,NA,NA,1000,33.482
326,93,B,d,-1.4977,2.17345,-0.0367,-0.2499,8.40615,1.6839,10.03025,3.57595,4.2723,5.4911,5.3516,6.23665,8.2856,5.0152,8.5198,7.51755,3.1269,6.0526,NA,16000,246.738
332,93,B,d,-1.4629,1.68935,-1.88305,-0.06305,3.74255,1.91005,8.65095,2.2474,4.1314,9.8394,4.03915,6.11555,8.8626,3.2939,7.73465,6.59765,3.4667,6.731,NA,8000,183.128
357,93,A,s,0.6995,0.73055,-0.6897,0.2431,9.82505,2.24565,10.2565,3.8324,4.0624,4.9875,4.3943,5.40545,7.6628,5.25265,6.6876,7.6806,3.7244,3.197,NA,2000,127.077
360,93,B,d,1.268,-2.0589,1.2311,1.28105,9.8148,4.06795,10.1696,3.3394,5.575,7.9427,5.7152,5.25485,7.80665,6.03185,13.83655,9.25095,4.35125,5.10355,NA,16000,50.149
362,93,D,s,-0.80345,-0.16385,-0.75645,-1.4477,5.57635,2.0566,8.86695,1.9282,3.77215,2.9553,4.4259,4.95355,8.17505,4.85855,11.11245,7.45835,2.64445,6.8592,NA,8000,78.236
377,93,A,s,-0.68185,-2.0589,-0.8625,-0.28945,6.99555,2.53285,8.5594,2.6006,4.05495,8.3075,4.30165,6.79715,8.1955,3.2561,9.44255,7.1985,0.1968,6.3719,NA,8000,169.252
379,93,B,d,-0.3152,2.66335,-0.4458,-0.76765,6.7597,1.32085,9.36425,3.3072,3.06115,0.66555,4.6109,5.72495,8.2098,4.9573,11.07595,6.9065,1.50345,6.3658,NA,8000,48.727
382,93,B,s,-0.044,2.16615,-0.55235,0.48985,9.8478,2.12095,10.20635,2.9561,3.83675,6.1217,4.8432,6.26585,7.87625,5.4858,8.7045,7.46845,3.72925,4.91795,NA,4000,231.435
389,93,B,d,0.56295,1.6682,-0.2606,0.4203,7.7932,1.83505,10.59885,4.5003,4.7763,3.05175,5.6091,6.18195,8.51015,6.34825,12.1851,8.1108,3.5564,6.17425,NA,16000,61.881
390,93,A,d,-3.8365,-0.85065,-3.7867,-1.229,2.84355,2.28395,7.1342,0.19815,2.0971,1.1058,2.50665,5.0304,8.37795,3.12815,9.15165,5.7622,1.86295,6.71665,NA,NA,38.76
395,93,B,d,-0.37165,3.837,-0.39195,-0.71565,8.76365,1.43915,10.00435,2.58305,3.5103,-0.5437,4.1036,5.9178,8.48955,4.9573,9.9406,6.61715,0.93015,6.925,NA,8000,49.438
422,93,A,s,0.9813,-3.9434,3.847,3.84235,9.80725,3.6121,11.6513,6.1174,5.35865,5.6164,5.5095,6.7448,9.1333,9.1084,10.6509,6.5987,5.7917,NA,NA,4000,203.092
438,93,A,d,0.57625,-3.9434,2.0955,1.0578,10.44785,2.1155,11.25225,4.2955,3.10535,3.3373,2.98245,5.80585,8.66745,7.67115,9.64385,7.18395,4.7204,NA,NA,4000,145.208
450,93,A,d,-0.943,0.2435,-3.483,-2.252,2.1625,2.335,5.855,1.9415,2.554,2.09,4.3725,5.0745,8.1815,2.103,7.7915,5.8795,1.5825,6.6015,1.052,NA,NA
462,93,A,s,-0.623,1.17,-2.914,-1.574,3.377,0.945,8.735,2.3875,3.232,4.6285,3.6805,5.7465,8.0035,4.432,8.2995,5.7665,2.247,6.1565,1.975,NA,NA
466,93,A,d,0.7285,-2.644,0.725,0.818,10.206,2.454,9.5835,3.6405,3.9955,6.697,5.3825,6.9985,7.7045,5.884,8.331,7.1785,3.435,6.237,3.241,NA,NA
468,93,A,s,-2.0105,0.782,-0.1665,0.7035,6.9525,2.382,7.805,3.5435,3.195,5.4895,4.43,7.401,9.4295,4.169,9.7905,3.2925,4.402,7.9535,5.594,NA,NA
495,93,C,s,-0.4975,-2.644,-1.184,0.0345,5.878,1.52,10.4995,3.007,3.8395,7.9455,5.383,5.588,8.0545,5.481,8.0775,7.4445,2.882,7.117,3.268,NA,NA
534,93,A,s,-0.36315,1.6388,-0.4505,-0.475575,9.327,2.9498,9.818825,5.00105,2.8364,7.004775,4.695525,7.40435,7.8157,5.8654,10.323025,7.620325,3.7889,3.07525,3.522,2000,574.897
535,93,B,s,-0.3495,2.97215,-1.0358,-0.4469,6.49935,1.25845,8.36075,2.71385,3.56415,2.6396,4.69505,7.16965,8.56615,4.48415,11.95695,6.4205,3.4224,7.22895,NA,2000,45.035
538,93,B,d,-0.591875,0.02755,-0.6811,-1.60545,7.281525,2.708525,9.034725,3.92345,2.99145,6.45715,3.7454,6.81565,8.3873,5.2491,10.3057,7.632275,3.2039,5.70325,4.819,8000,205.355
546,93,A,d,-0.301475,-1.00825,0.149875,0.765675,5.942675,2.72885,8.76385,3.17475,4.19795,5.2254,4.69195,6.024025,8.2677,5.6025,12.4019,7.2214,3.838075,4.927825,4.425,8000,73.237
547,93,A,s,2.9928,-1.52705,-0.055,0.2212,11.4611,1.81845,12.6354,4.17095,5.48375,8.3397,5.61015,8.22405,7.9069,6.94795,12.3711,8.7409,4.17045,3.3997,NA,32000,101.992
549,93,A,s,-0.49095,0.00275,-0.64315,0.33505,6.85195,1.7493,8.86445,2.81265,4.748,6.26295,4.6393,6.24435,8.3444,4.06095,13.80765,7.2762,3.2733,6.90885,NA,4000,53.419